insert into Personalities (personality_position, id, first_Name, last_Name, date_Of_Birthday, country_id) VALUES (2, 21,'F. Gary',  'Gray', '1969-06-17', 1)
insert into Personalities (personality_position, id, first_Name, last_Name, date_Of_Birthday, country_id) VALUES (2, 22,'Christopher',  'Nolan ', '1970-07-30', 2)
insert into Personalities (personality_position, id, first_Name, last_Name, date_Of_Birthday, country_id) VALUES (2, 23,'Gordon', 'Din', '1986-02-01', 4)
insert into Personalities (personality_position, id, first_Name, last_Name, date_Of_Birthday, country_id) VALUES (2, 24,'John', 'Smight', '1991-10-21', 3)
insert into Personalities (personality_position, id, first_Name, last_Name, date_Of_Birthday, country_id) VALUES (2, 25,'Scott', 'Derrickson', '1966-07-16', 2)
insert into Personalities (personality_position, id, first_Name, last_Name, date_Of_Birthday, country_id) VALUES (2, 26,'Taika', 'Waititi', '1975-08-16', 2)
insert into Personalities (personality_position, id, first_Name, last_Name, date_Of_Birthday, country_id) VALUES (2, 27,'Anthony', 'Russo', '1970-02-03', 2)
insert into Personalities (personality_position, id, first_Name, last_Name, date_Of_Birthday, country_id) VALUES (2, 28,'Joseph', 'Russo', '1971-07-08', 2)
insert into Personalities (personality_position, id, first_Name, last_Name, date_Of_Birthday, country_id) VALUES (2, 29,'Zack', 'Snyder', '1966-03-01', 2)
insert into Personalities (personality_position, id, first_Name, last_Name, date_Of_Birthday, country_id) VALUES (2, 30,'Frank', 'Darabont', '1959-01-28', 2)
insert into Personalities (personality_position, id, first_Name, last_Name, date_Of_Birthday, country_id) VALUES (2, 31,'Scott', 'Speer', '1982-06-02', 2)

insert into films(id, title, image_Small_Path, release_Year, views, rating, film_Length) VALUES (1, 'Men in Black: International', 'MIB.jpg', 2019, 0, 5.45, 120)
insert into films(id, title, image_Small_Path, release_Year, views, rating, film_Length) VALUES (2, 'Inception', 'inception.jpg', 2010, 0, 5.45, 120)
insert into films(id, title, image_Small_Path, release_Year, views, rating, film_Length) VALUES (3, 'Thor 3: Ragnarok', 'thor_3.jpg', 2017, 0, 5.45, 120)
insert into films(id, title, image_Small_Path, release_Year, views, rating, film_Length) VALUES (4, 'Avengers', 'avengers_3.jpg', 2018, 0, 5.45, 120)
insert into films(id, title, image_Small_Path, release_Year, views, rating, film_Length) VALUES (5, 'Green Mile', 'green_mile.jpg', 1999, 0, 5.45, 120)
insert into films(id, title, image_Small_Path, release_Year, views, rating, film_Length) VALUES (6, 'Interstellar', 'Interstellar.jpg', 2014, 0, 5.45, 120)
insert into films(id, title, image_Small_Path, release_Year, views, rating, film_Length) VALUES (7, 'Midnight sun', 'midnight_sun.jpg', 2018, 0, 5.45, 120)
insert into films(id, title, image_Small_Path, release_Year, views, rating, film_Length) VALUES (8, 'Man of steel', 'Man_of_Steel.jpg', 2013, 0, 5.45, 120)
insert into films(id, title, image_Small_Path, release_Year, views, rating, film_Length) VALUES (9, 'Doctor Strange', 'Doctor_Strange_poster.jpg', 2016, 0, 5.45, 120)

insert into Personalities (personality_position, id, first_Name, last_Name, date_Of_Birthday, country_id, photo, biography) VALUES(1, 1, 'Chris', 'Hemsworth', '1983-08-11', 2, 'prat.jpg', 'Крис Хемсворт родился в 1983 году в Мельбурне. Его братья, Люк и Лиам, тоже актёры. Когда Хемсворту было 14 лет, он и его семья переехали на маленький остров Филипп. В марте 2009 года Хемсворт переехал в Соединенные Штаты, чтобы продолжить свою карьеру там. Он и его брат Лиам остались в гостевом доме агента Криса Уильяма Ворда, прежде чем арендовать свою собственную квартиру в Лос-Анджелесе, где они проживают в настоящее время.')
insert into Personalities (personality_position, id, first_Name, last_Name, date_Of_Birthday, country_id) VALUES(1, 2, 'Scarlett', 'Johansson', '1984-11-22', 2)
insert into Personalities (personality_position, id, first_Name, last_Name, date_Of_Birthday, country_id) VALUES(1, 3, 'Chris', 'Evans', '1981-07-13', 2)
insert into Personalities (personality_position, id, first_Name, last_Name, date_Of_Birthday, country_id) VALUES(1, 4, 'Leonardo', 'DiCaprio', '1974-11-11', 2)


insert into Personalities (personality_position, id, first_Name, last_Name, date_Of_Birthday, country_id) VALUES(1, 5, 'Tessa', 'Thompson', '1983-10-03', 2)

insert into Personalities (personality_position, id, first_Name, last_Name, date_Of_Birthday, country_id) VALUES(1, 6, 'Benedict', 'Cumberbatch', '1976-07-19 ', 2)

insert into Personalities (personality_position, id, first_Name, last_Name, date_Of_Birthday, country_id) VALUES(1, 7, 'Henry', 'Cavill', '1983-05-05 ', 2)
insert into Personalities (personality_position, id, first_Name, last_Name, date_Of_Birthday, country_id) VALUES(1, 8, 'Amy', 'Adams', '1974-08-20 ', 2)

insert into Personalities (personality_position, id, first_Name, last_Name, date_Of_Birthday, country_id) VALUES(1, 9, 'Tom', 'Hanks', '1956-07-09 ', 2)

insert into Personalities (personality_position, id, first_Name, last_Name, date_Of_Birthday, country_id) VALUES(1, 10, 'Joseph', 'Gordon-Levitt', '1981-02-17 ', 2)

insert into Personalities (personality_position, id, first_Name, last_Name, date_Of_Birthday, country_id) VALUES(1, 11, 'Bella', 'Thorne', '1997-10-8 ', 2)

insert into Personalities (personality_position, id, first_Name, last_Name, date_Of_Birthday, country_id) VALUES(1, 12, 'Matthew', 'McConaughey', '1969-11-04', 2)

insert into personalities_positions (personality_id, position) VALUES (1, 'Actor')
insert into personalities_positions (personality_id, position) VALUES (2, 'Actor')


insert into DIRECTORS_FILMS  (films_id, director_id) VALUES (1,21)
insert into DIRECTORS_FILMS  (films_id, director_id) VALUES (2,22)
insert into DIRECTORS_FILMS  (films_id, director_id) VALUES (3,26)
insert into DIRECTORS_FILMS  (films_id, director_id) VALUES (4,27)
insert into DIRECTORS_FILMS  (films_id, director_id) VALUES (4,28)
insert into DIRECTORS_FILMS  (films_id, director_id) VALUES (5,30)
insert into DIRECTORS_FILMS  (films_id, director_id) VALUES (6,22)
insert into DIRECTORS_FILMS  (films_id, director_id) VALUES (7,31)
insert into DIRECTORS_FILMS  (films_id, director_id) VALUES (8,29)
insert into DIRECTORS_FILMS  (films_id, director_id) VALUES (9,25)


insert into ACTORS_FILMS (films_id, actor_id) VALUES (1,1)
insert into ACTORS_FILMS (films_id, actor_id) VALUES (1,10)
insert into ACTORS_FILMS (films_id, actor_id) VALUES (1,7)
insert into ACTORS_FILMS (films_id, actor_id) VALUES (1,6)
insert into ACTORS_FILMS (films_id, actor_id) VALUES (1,5)
insert into ACTORS_FILMS (films_id, actor_id) VALUES (2,4)
insert into ACTORS_FILMS (films_id, actor_id) VALUES (2,10)
insert into ACTORS_FILMS (films_id, actor_id) VALUES (3,1)
insert into ACTORS_FILMS (films_id, actor_id) VALUES (3,5)
insert into ACTORS_FILMS (films_id, actor_id) VALUES (4,3)
insert into ACTORS_FILMS (films_id, actor_id) VALUES (4,2)
insert into ACTORS_FILMS (films_id, actor_id) VALUES (5,9)
insert into ACTORS_FILMS (films_id, actor_id) VALUES (6,12)
insert into ACTORS_FILMS (films_id, actor_id) VALUES (7,11)
insert into ACTORS_FILMS (films_id, actor_id) VALUES (8,7)
insert into ACTORS_FILMS (films_id, actor_id) VALUES (8,8)
insert into ACTORS_FILMS (films_id, actor_id) VALUES (9,1)
insert into ACTORS_FILMS (films_id, actor_id) VALUES (9,6)

insert into FILMS_COUNTRIES (film_id, countries_id) VALUES (1, 2)
insert into FILMS_COUNTRIES (film_id, countries_id) VALUES (2, 2)
insert into FILMS_COUNTRIES (film_id, countries_id) VALUES (3, 2)
insert into FILMS_COUNTRIES (film_id, countries_id) VALUES (4, 2)
insert into FILMS_COUNTRIES (film_id, countries_id) VALUES (6, 2)
insert into FILMS_COUNTRIES (film_id, countries_id) VALUES (5, 2)
insert into FILMS_COUNTRIES (film_id, countries_id) VALUES (7, 2)
insert into FILMS_COUNTRIES (film_id, countries_id) VALUES (8, 2)
insert into FILMS_COUNTRIES (film_id, countries_id) VALUES (9, 2)

insert into Genres (id, name) VALUES (1, 'superhero')
insert into Genres (id, name) VALUES (2, 'adventure')
insert into Genres (id, name) VALUES (3, 'fantasy ')
insert into Genres (id, name) VALUES (4, 'crime')
insert into Genres (id, name) VALUES (5, 'action ')
insert into Genres (id, name) VALUES (6, 'thriller')
insert into Genres (id, name) VALUES (7, 'drama')
insert into Genres (id, name) VALUES (8, 'romance')

insert into FILMS_GENRES (film_id, genres_id) VALUES (1, 1)
insert into FILMS_GENRES (film_id, genres_id) VALUES (1, 2)
insert into FILMS_GENRES (film_id, genres_id) VALUES (2, 5)
insert into FILMS_GENRES (film_id, genres_id) VALUES (2, 6)
insert into FILMS_GENRES (film_id, genres_id) VALUES (3, 1)
insert into FILMS_GENRES (film_id, genres_id) VALUES (3, 2)
insert into FILMS_GENRES (film_id, genres_id) VALUES (4, 1)
insert into FILMS_GENRES (film_id, genres_id) VALUES (4, 2)
insert into FILMS_GENRES (film_id, genres_id) VALUES (5, 3)
insert into FILMS_GENRES (film_id, genres_id) VALUES (5, 4)
insert into FILMS_GENRES (film_id, genres_id) VALUES (6, 2)
insert into FILMS_GENRES (film_id, genres_id) VALUES (6, 5)
insert into FILMS_GENRES (film_id, genres_id) VALUES (6, 7)
insert into FILMS_GENRES (film_id, genres_id) VALUES (7, 7)
insert into FILMS_GENRES (film_id, genres_id) VALUES (7, 8)
insert into FILMS_GENRES (film_id, genres_id) VALUES (8, 1)
insert into FILMS_GENRES (film_id, genres_id) VALUES (8, 2)
insert into FILMS_GENRES (film_id, genres_id) VALUES (9, 1)

