insert into directors (id, name, birthday, country_id) VALUES (1,'F. Gary Gray', '1969-06-17', 1)
insert into directors (id, name, birthday, country_id) VALUES (2,'test director 2', '1973-11-15', 2)
insert into directors (id, name, birthday, country_id) VALUES (3,'Gordon Din', '1986-02-01', 4)
insert into directors (id, name, birthday, country_id) VALUES (4,'John Smight', '1991-10-21', 3)
insert into directors (id, name, birthday, country_id) VALUES (5,'Scott Derrickson', '1966-07-16', 2)
insert into directors (id, name, birthday, country_id) VALUES (6,'Taika Waititi', '1975-08-16', 2)
insert into directors (id, name, birthday, country_id) VALUES (7,'Anthony Russo', '1970-02-03', 2)
insert into directors (id, name, birthday, country_id) VALUES (8,'Joseph Russo', '1971-07-08', 2)

insert into films(id, title, image_Small_Path, release_Year, views) VALUES (1, 'Men in Black: International', 'MIB.jpg', 2019, 400)
insert into films(id, title, image_Small_Path, release_Year, views) VALUES (2, 'Kingdom', 'inception.jpg', 2010, 300)
insert into films(id, title, image_Small_Path, release_Year, views) VALUES (3, 'Thor 3: Ragnarok', 'thor_3.jpg', 2017, 15)
insert into films(id, title, image_Small_Path, release_Year, views) VALUES (4, 'Avengers', 'avengers_3.jpg', 2018, 33)
insert into films(id, title, image_Small_Path, release_Year, views) VALUES (5, 'Green Mile', 'green_mile.jpg', 2019, 42)
insert into films(id, title, image_Small_Path, release_Year, views) VALUES (6, 'Long way home', 'Doctor_Strange_poster.jpg', 2012, 51)
insert into films(id, title, image_Small_Path, release_Year, views) VALUES (7, 'Midnight sun', 'Doctor_Strange_poster.jpg', 2018, 99)
insert into films(id, title, image_Small_Path, release_Year, views) VALUES (8, 'Man of steel', 'Doctor_Strange_poster.jpg',   2019, 55)
insert into films(id, title, image_Small_Path, release_Year, views) VALUES (9, 'Doctor Strange', 'Doctor_Strange_poster.jpg', 2016, 255)

insert into DIRECTORS_FILMS  (films_id, director_id) VALUES (1,1)
insert into DIRECTORS_FILMS  (films_id, director_id) VALUES (2,2)
insert into DIRECTORS_FILMS  (films_id, director_id) VALUES (3,6)
insert into DIRECTORS_FILMS  (films_id, director_id) VALUES (4,7)
insert into DIRECTORS_FILMS  (films_id, director_id) VALUES (4,8)
insert into DIRECTORS_FILMS  (films_id, director_id) VALUES (5,1)
insert into DIRECTORS_FILMS  (films_id, director_id) VALUES (6,4)
insert into DIRECTORS_FILMS  (films_id, director_id) VALUES (7,4)
insert into DIRECTORS_FILMS  (films_id, director_id) VALUES (8,3)
insert into DIRECTORS_FILMS  (films_id, director_id) VALUES (9,5)

insert into Actors (id, first_Name, last_Name, date_Of_Birthday, country_id) VALUES(1, 'Chris', 'Hemsworth', '1983-08-11', 2)
insert into Actors (id, first_Name, last_Name, date_Of_Birthday, country_id) VALUES(2, 'Scarlett', 'Johansson', '1984-11-22', 2)
insert into Actors (id, first_Name, last_Name, date_Of_Birthday, country_id) VALUES(3, 'Chris', 'Evans', '1981-07-13', 2)

insert into Actors (id, first_Name, last_Name, date_Of_Birthday, country_id) VALUES(4, 'Leonardo', 'DiCaprio', '1974-11-11', 2)

insert into Actors (id, first_Name, last_Name, date_Of_Birthday, country_id) VALUES(5, 'Tessa', 'Thompson', '1983-10-03', 2)

insert into Actors (id, first_Name, last_Name, date_Of_Birthday, country_id) VALUES(6, 'Benedict', 'Cumberbatch', '1976-07-19 ', 2)

insert into ACTORS_FILMS (films_id, actor_id) VALUES (1,1)
insert into ACTORS_FILMS (films_id, actor_id) VALUES (1,5)
insert into ACTORS_FILMS (films_id, actor_id) VALUES (2,4)
insert into ACTORS_FILMS (films_id, actor_id) VALUES (3,1)
insert into ACTORS_FILMS (films_id, actor_id) VALUES (3,5)
insert into ACTORS_FILMS (films_id, actor_id) VALUES (4,3)
insert into ACTORS_FILMS (films_id, actor_id) VALUES (4,2)
insert into ACTORS_FILMS (films_id, actor_id) VALUES (9,1)
insert into ACTORS_FILMS (films_id, actor_id) VALUES (9,6)


insert into FILMS_COUNTRIES (film_id, countries_id) VALUES (1, 2)
insert into FILMS_COUNTRIES (film_id, countries_id) VALUES (2, 2)
insert into FILMS_COUNTRIES (film_id, countries_id) VALUES (3, 2)
insert into FILMS_COUNTRIES (film_id, countries_id) VALUES (4, 2)
insert into FILMS_COUNTRIES (film_id, countries_id) VALUES (9, 2)

insert into Genres (id, name) VALUES (1, 'superhero')
insert into Genres (id, name) VALUES (2, 'adventure')

insert into FILMS_GENRES (film_id, genres_id) VALUES (1, 1)
insert into FILMS_GENRES (film_id, genres_id) VALUES (1, 2)
insert into FILMS_GENRES (film_id, genres_id) VALUES (3, 1)
insert into FILMS_GENRES (film_id, genres_id) VALUES (3, 2)
insert into FILMS_GENRES (film_id, genres_id) VALUES (4, 1)
insert into FILMS_GENRES (film_id, genres_id) VALUES (4, 2)
insert into FILMS_GENRES (film_id, genres_id) VALUES (9, 1)

