insert into Personalities (personality_position, id, first_Name, last_Name, date_Of_Birthday, country_id, photo, biography) VALUES (2, 21,'F. Gary',  'Gray', '1969-06-17', 1,'F._Gary_Gray.jpg','Грей родился в Нью-Йорке, племянник актёра Фила Льюиса. Воспитывался в Южном Лос-Анджелесе и в Хайленд-Парке (Иллинойс). Грей снял более 30-ти музыкальных клипов для таких артистов как Ice Cube, Куин Латифа, TLC, Dr. Dre, Jay-Z и Мэри Джейн Блайдж, и получил несколько наград за эти работы. Он бросил колледж в северной Калифорнии, чтобы снимать фильмы.')
insert into Personalities (personality_position, id, first_Name, last_Name, date_Of_Birthday, country_id, photo, biography) VALUES (2, 22,'Christopher',  'Nolan ', '1970-07-30', 2,'Christopher_Nolan.jpg','Нолан родился в Лондоне. Отец, британец, Брендан Джеймс Нолан, был менеджером по рекламе, а мать, американка, Кристина (урождённая Дженсен), работала стюардессой и преподавательницей английского языка. Его детство прошло между Лондоном и Эванстоном в Иллинойсе. Нолан имеет британское и американское гражданства. У него есть старший брат, Мэтью Фрэнсис Нолан, осуждённый преступник и младший брат Джонатан. Он начал делать фильмы в возрасте 7 лет, позаимствовав у своего отца камеру Super 8 и снимая короткие фильмы с элементами экшена. В детстве Нолан был особенно подвержен влиянию «Космической одиссеи 2001 года» (1968) и «Звёздных войн» (1977), и в возрасте около восьми лет создал кукольную мультипликацию Space Wars (в честь этого фильма). Дядя, который работал в НАСА (он создавал ракетные системы для «Аполлон»), прислал ему несколько видеоматериалов со старта ракет: «Я снял их с экрана и отредактировал, думая, что никто их не заметит», — отмечал позже Нолан. С 11 лет он хотел стать режиссёром.')
insert into Personalities (personality_position, id, first_Name, last_Name, date_Of_Birthday, country_id) VALUES (2, 23,'Gordon', 'Din', '1986-02-01', 4)
insert into Personalities (personality_position, id, first_Name, last_Name, date_Of_Birthday, country_id) VALUES (2, 24,'John', 'Smight', '1991-10-21', 3)
insert into Personalities (personality_position, id, first_Name, last_Name, date_Of_Birthday, country_id, photo, biography) VALUES (2, 25,'Scott', 'Derrickson', '1966-07-16', 2,'Scott_Derrickson.jpg','Скотт Дерриксон родился и вырос в Денвере, окончил университет Байона со степенью бакалавра по литературе, философии, и в области коммуникаций, получил степень магистра в "USC School of Cinematic ArtsДебютом в качестве сценариста в большом кино для Дерриксона стал слэшер "Городские легенды 2: Последний отрезок", а в качестве постановщика  — пятая часть культовой франшизы, фильм ужасов «Hellraiser: Inferno».Самые известные и коммерчески успешные режиссерские работы Дерриксона: "Шесть демонов Эмили Роуз", "День, когда Земля остановилась", "Синистер"')
insert into Personalities (personality_position, id, first_Name, last_Name, date_Of_Birthday, country_id, photo, biography) VALUES (2, 26,'Taika', 'Waititi', '1975-08-16', 2,'Taika_Waititi.jpg','Тайка Дэвид Вайтити родился 16 августа 1975 года в Веллингтоне. Отец — маори, мать — еврейка. Вайтити окончил Университет королевы Виктории в Веллингтоне. Вместе с Джемейном Клементом образовал комедийный дуэт «The Humourbeasts». Дебютировал в кино в 1999 году. С 1999 по 2004 год снимался под псевдонимом Тайка Коэн (девичья фамилия матери). Получил известность благодаря снятой короткометражке «Две машины, одна ночь», а также ролям в фильмах «Орёл против Акулы», «Мальчик», «Зелёный фонарь» и «Реальные упыри». В 2017 году вышел фильм Вайтити «Тор: Рагнарёк».')
insert into Personalities (personality_position, id, first_Name, last_Name, date_Of_Birthday, country_id, photo, biography) VALUES (2, 27,'Anthony', 'Russo', '1970-02-03', 2,'Anthony_Russo.jpg','Энтони Руссо родился 3 февраля 1970 года в Кливленде, штат Огайо, США, как Энтони Дж. Руссо. Он является продюсером и режиссером, известным по фильмам «Мстители: Бесконечная война» (2018 г.), « Капитан Америка: Le soldat de lhiver» (2014 г.) и « Капитан Америка: гражданская война» (2016 г.).')
insert into Personalities (personality_position, id, first_Name, last_Name, date_Of_Birthday, country_id, photo, biography) VALUES (2, 28,'Joseph', 'Russo', '1971-07-08', 2,'Joseph_Russo.jpg','Американский режиссер кино и телевидения, лауреат «Эмми», сценарист, монтажер, продюсер, актер Джо Руссо родился 8 июля 1971 года в Кливленде, штат Огайо, США. Мать – Патрисия Руссо – адвокат. Отец – Бэзил Руссо – судья. Старший брат – Энтони Руссо. Братья Руссо вместе снимают почти все свои фильмы. Младшая сестра – Анджела Руссо-Остот – сценарист и продюсер сериалов, работает на телевидении. Джо вырос в Кливленде, учился в Бенедиктинской средней школе. В отличие от старшего брата, закончил университет Айовы, где был успешен в английском и письме. Затем поступил в университет Кейс Вестерн.')
insert into Personalities (personality_position, id, first_Name, last_Name, date_Of_Birthday, country_id, photo, biography) VALUES (2, 29,'Zack', 'Snyder', '1966-03-01', 2,'Zack_Snyder.jpg','Зак Снайдер родился 1 марта 1966 года в Грин-Бей, штат Висконсин, вырос в Гринвич, штат Коннектикут. Учился в школе Дэйкрофт, где преподавала его мать — учитель живописи и фотографии. Благодаря матери, которая вдохновила его изучать живопись, Снайдер получил художественное образование в Лондоне и Пасадине. Снайдер до сих пор живёт в Пасадине со своей второй женой продюсером Деборой Снайдер, у них 6 детей. С юных лет Зак Снайдер испытывал страсть к фантастическим фильмам и рассказам. Особое влияние на становление его вкусов и пристрастий в области кино оказала сага Джорджа Лукаса «Звёздные войны». Видя страстное увлечение сына кинематографом, родители решили ему подарить видеокамеру. Это была обычная восьмимиллиметровая «игрушка», именно с ней Зак начал делать свои первые шаги в режиссуре.')
insert into Personalities (personality_position, id, first_Name, last_Name, date_Of_Birthday, country_id, photo, biography) VALUES (2, 30,'Frank', 'Darabont', '1959-01-28', 2,'Frank_Darabont.jpg','Американский кинорежиссёр, сценарист и продюсер венгерского происхождения. Был трижды номинирован на «Оскар». Известен своими удачными экранизациями романов Стивена Кинга: «Побег из Шоушенка», «Зелёная миля», «Мгла» и другие.')
insert into Personalities (personality_position, id, first_Name, last_Name, date_Of_Birthday, country_id, photo, biography) VALUES (2, 31,'Scott', 'Speer', '1982-06-02', 2,'Scott_Speer.jpg','Шпеер родился в Сан-Диего , штат Калифорния . В 23 года он был подписан на HSI Productions , а в 2006 году Шпир получил награду MVPA за режиссерский дебют года за музыкальное видео « Звезды » от Switchfoot .')

insert into films(id, title, image_Small_Path, release_Year, views, rating, film_Length) VALUES (1, 'Men in Black: International', 'MIB.jpg', 2019, 0, 5.45, 120)
insert into films(id, title, image_Small_Path, release_Year, views, rating, film_Length) VALUES (2, 'Inception', 'inception.jpg', 2010, 0, 5.45, 120)
insert into films(id, title, image_Small_Path, release_Year, views, rating, film_Length) VALUES (3, 'Thor 3: Ragnarok', 'thor_3.jpg', 2017, 0, 5.45, 120)
insert into films(id, title, image_Small_Path, release_Year, views, rating, film_Length) VALUES (4, 'Avengers', 'avengers_3.jpg', 2018, 0, 5.45, 120)
insert into films(id, title, image_Small_Path, release_Year, views, rating, film_Length) VALUES (5, 'Green Mile', 'green_mile.jpg', 1999, 0, 5.45, 120)
insert into films(id, title, image_Small_Path, release_Year, views, rating, film_Length) VALUES (6, 'Interstellar', 'Interstellar.jpg', 2014, 0, 5.45, 120)
insert into films(id, title, image_Small_Path, release_Year, views, rating, film_Length) VALUES (7, 'Midnight sun', 'midnight_sun.jpg', 2018, 0, 5.45, 120)
insert into films(id, title, image_Small_Path, release_Year, views, rating, film_Length) VALUES (8, 'Man of steel', 'Man_of_Steel.jpg', 2013, 0, 5.45, 120)
insert into films(id, title, image_Small_Path, release_Year, views, rating, film_Length) VALUES (9, 'Doctor Strange', 'Doctor_Strange_poster.jpg', 2016, 0, 5.45, 120)
insert into films(id, title, image_Small_Path, release_Year, views, rating, film_Length) VALUES (10, 'Men in Black: International 2', 'MIB.jpg', 2019, 0, 5.45, 120)
insert into films(id, title, image_Small_Path, release_Year, views, rating, film_Length) VALUES (11, 'Men in Black: International 3', 'MIB.jpg', 2019, 0, 5.45, 120)
insert into films(id, title, image_Small_Path, release_Year, views, rating, film_Length) VALUES (12, 'Men in Black: International 23', 'MIB.jpg', 2019, 0, 5.45, 120)
insert into films(id, title, image_Small_Path, release_Year, views, rating, film_Length) VALUES (13, 'Men in Black: International 232', 'MIB.jpg', 2019, 0, 5.45, 120)
insert into films(id, title, image_Small_Path, release_Year, views, rating, film_Length) VALUES (14, 'Men in Black: International 3232', 'MIB.jpg', 2019, 0, 5.45, 120)

insert into Personalities (personality_position, id, first_Name, last_Name, date_Of_Birthday, country_id, photo, biography) VALUES(1, 1, 'Chris', 'Hemsworth', '1983-08-11', 2, 'prat.jpg', 'Крис Хемсворт родился в 1983 году в Мельбурне. Его братья, Люк и Лиам, тоже актёры. Когда Хемсворту было 14 лет, он и его семья переехали на маленький остров Филипп. В марте 2009 года Хемсворт переехал в Соединенные Штаты, чтобы продолжить свою карьеру там. Он и его брат Лиам остались в гостевом доме агента Криса Уильяма Ворда, прежде чем арендовать свою собственную квартиру в Лос-Анджелесе, где они проживают в настоящее время.')
insert into Personalities (personality_position, id, first_Name, last_Name, date_Of_Birthday, country_id, photo, biography) VALUES(1, 2, 'Scarlett', 'Johansson', '1984-11-22', 2,'Scarlett_Johansson.jpg','Американская актриса кино и телевидения, певица. Наибольшую известность ей принесло сотрудничество с Вуди Алленом и Софией Копполой, а также роль Чёрной вдовы в серии фильмов кинематографической вселенной Marvel.')
insert into Personalities (personality_position, id, first_Name, last_Name, date_Of_Birthday, country_id, photo, biography) VALUES(1, 3, 'Chris', 'Evans', '1981-07-13', 2,'Chris_Evan.jpg','Американский актёр. Мировую известность ему принесла роль Капитана Америки в кинематографической вселенной Marvel. Эванс также исполнил роль Человека-факела в фильме «Фантастическая четвёрка» и его сиквеле 2007 года.')
insert into Personalities (personality_position, id, first_Name, last_Name, date_Of_Birthday, country_id, photo, biography) VALUES(1, 4, 'Leonardo', 'DiCaprio', '1974-11-11', 2,'Leonardo_DiCaprio.jpg','Американский актёр и продюсер. Четыре раза был номинирован на премию «Оскар» за лучшую мужскую роль в фильмах «Авиатор», «Кровавый алмаз», «Волк с Уолл-стрит» и «Выживший», а также за лучшую мужскую роль второго плана в фильме «Что гложет Гилберта Грэйпа».')


insert into Personalities (personality_position, id, first_Name, last_Name, date_Of_Birthday, country_id, photo, biography) VALUES(1, 5, 'Tessa', 'Thompson', '1983-10-03', 2,'Tessa_Thompson.jpg','Американская актриса. Её прорывом стала роль в независимом фильме «Миссисипи проклятых». Наибольшую известность ей принесли роли в фильмах «Песни о любви», «Уважаемые белые люди», «Сельма», «Крид: Наследие Рокки» и его сиквеле «Крид 2», «Тор: Рагнарёк» и «Аннигиляция».')

insert into Personalities (personality_position, id, first_Name, last_Name, date_Of_Birthday, country_id, photo, biography) VALUES(1, 6, 'Benedict', 'Cumberbatch', '1976-07-19 ', 2,'Benedict_Cumberbatch.jpg','Британский актёр театра, кино и телевидения. Лауреат премии Лоренса Оливье и «Эмми», двукратный номинант на премию «Золотой глобус», номинант на премию «Оскар». Командор Ордена Британской империи.')

insert into Personalities (personality_position, id, first_Name, last_Name, date_Of_Birthday, country_id, photo, biography) VALUES(1, 7, 'Henry', 'Cavill', '1983-05-05 ', 2,'Henry_Cavill.jpg','Английский актёр. Известен по ролям в фильмах «Война богов: Бессмертные», «Средь бела дня», «Человек из стали», «Агенты А.Н.К.Л.», «Лига справедливости» и в сериале «Тюдоры». ')
insert into Personalities (personality_position, id, first_Name, last_Name, date_Of_Birthday, country_id, photo, biography) VALUES(1, 8, 'Amy', 'Adams', '1974-08-20 ', 2,'Amy_Adams.jpg','Американская актриса и певица, шестикратная номинантка на премию «Оскар». Обладательница двух премий «Золотой глобус» за главную роль в трагикомедии «Афера по-американски» и за главную роль в драме «Большие глаза».')

insert into Personalities (personality_position, id, first_Name, last_Name, date_Of_Birthday, country_id, photo, biography) VALUES(1, 9, 'Tom', 'Hanks', '1956-07-09 ', 2,'Tom_Hanks.jpg','Хэнкс начинал свою актёрскую карьеру с ролей на телевидении и комедийных фильмов, прежде чем добился признания в качестве драматического актёра, и получил две премии «Оскар» в категории «Лучшая мужская роль» — за главные роли в фильмах «Филадельфия» (1993) и «Форрест Гамп» (1994), тем самым став одним из двух актёров в истории кинематографа (помимо Спенсера Трейси), выигравших данную награду два раза подряд.')

insert into Personalities (personality_position, id, first_Name, last_Name, date_Of_Birthday, country_id, photo, biography) VALUES(1, 10, 'Joseph', 'Gordon-Levitt', '1981-02-17 ', 2,'Joseph_Gordon-Levitt.jpg','Джозеф Гордон-Левитт родился 17 февраля 1981 года в Лос-Анджелесе (Калифорния, США) в еврейской семье, в которой не придерживались строгих религиозных традиций. Его отец, Деннис Левитт, работал на радиостанции Pacifica Radio, а мать, Джейн Гордон, была редактором программы телепередач на той же самой радиостанции. У Джо был старший брат Дэниэл, который скончался в 2010 году.')

insert into Personalities (personality_position, id, first_Name, last_Name, date_Of_Birthday, country_id, photo, biography) VALUES(1, 11, 'Bella', 'Thorne', '1997-10-8 ', 2,'Bella_Thorne.jpg','Белла Торн родилась 8 октября 1997 года во Флориде. Она младший ребёнок в семье Рея и Тамары Торнов. У неё две старшие сестры — Дани и Кайли — и старший брат Реми, которые также являются актёрами. Будучи шестинедельной малышкой, Белла снялась для каталога «Parents Magazine», с чего и началась её карьера модели. Спустя несколько лет Белла начала сниматься в фильмах и сериалах.')

insert into Personalities (personality_position, id, first_Name, last_Name, date_Of_Birthday, country_id, photo, biography) VALUES(1, 12, 'Matthew', 'McConaughey', '1969-11-04', 2,'Matthew_McConaughey.jpg','Американский актёр, кинорежиссёр, сценарист и продюсер. Поначалу, зарекомендовав себя как актёра в основном комедийного амплуа, во втором десятилетии XXI века Макконахи перешёл к крупным драматическим ролям, удостоившись ряда наград и положительных отзывов от кинопрессы за картины «Линкольн для адвоката», «Мад», «Киллер Джо», «Супер Майк», «Интерстеллар».')

insert into personalities_positions (personality_id, position) VALUES (1, 'Actor')
insert into personalities_positions (personality_id, position) VALUES (2, 'Actor')
insert into personalities_positions (personality_id, position) VALUES (3, 'Actor')
insert into personalities_positions (personality_id, position) VALUES (4, 'Actor')
insert into personalities_positions (personality_id, position) VALUES (5, 'Actor')
insert into personalities_positions (personality_id, position) VALUES (6, 'Actor')
insert into personalities_positions (personality_id, position) VALUES (7, 'Actor')
insert into personalities_positions (personality_id, position) VALUES (8, 'Actor')
insert into personalities_positions (personality_id, position) VALUES (9, 'Actor')
insert into personalities_positions (personality_id, position) VALUES (10, 'Actor')
insert into personalities_positions (personality_id, position) VALUES (11, 'Actor')
insert into personalities_positions (personality_id, position) VALUES (12, 'Actor')
insert into personalities_positions (personality_id, position) VALUES (21, 'Director')
insert into personalities_positions (personality_id, position) VALUES (22, 'Director')
insert into personalities_positions (personality_id, position) VALUES (23, 'Director')
insert into personalities_positions (personality_id, position) VALUES (24, 'Director')
insert into personalities_positions (personality_id, position) VALUES (25, 'Director')
insert into personalities_positions (personality_id, position) VALUES (26, 'Director')
insert into personalities_positions (personality_id, position) VALUES (27, 'Director')
insert into personalities_positions (personality_id, position) VALUES (28, 'Director')
insert into personalities_positions (personality_id, position) VALUES (29, 'Director')
insert into personalities_positions (personality_id, position) VALUES (30, 'Director')
insert into personalities_positions (personality_id, position) VALUES (31, 'Director')

insert into DIRECTORS_FILMS  (films_id, director_id) VALUES (1,21)
insert into DIRECTORS_FILMS  (films_id, director_id) VALUES (2,22)
insert into DIRECTORS_FILMS  (films_id, director_id) VALUES (3,26)
insert into DIRECTORS_FILMS  (films_id, director_id) VALUES (4,27)
insert into DIRECTORS_FILMS  (films_id, director_id) VALUES (4,28)
insert into DIRECTORS_FILMS  (films_id, director_id) VALUES (5,30)
insert into DIRECTORS_FILMS  (films_id, director_id) VALUES (6,22)
insert into DIRECTORS_FILMS  (films_id, director_id) VALUES (7,31)
insert into DIRECTORS_FILMS  (films_id, director_id) VALUES (8,29)
insert into DIRECTORS_FILMS  (films_id, director_id) VALUES (9,25)


insert into ACTORS_FILMS (films_id, actor_id) VALUES (1,1)
insert into ACTORS_FILMS (films_id, actor_id) VALUES (1,10)
insert into ACTORS_FILMS (films_id, actor_id) VALUES (1,7)
insert into ACTORS_FILMS (films_id, actor_id) VALUES (1,6)
insert into ACTORS_FILMS (films_id, actor_id) VALUES (1,5)
insert into ACTORS_FILMS (films_id, actor_id) VALUES (2,4)
insert into ACTORS_FILMS (films_id, actor_id) VALUES (2,10)
insert into ACTORS_FILMS (films_id, actor_id) VALUES (3,1)
insert into ACTORS_FILMS (films_id, actor_id) VALUES (3,5)
insert into ACTORS_FILMS (films_id, actor_id) VALUES (4,3)
insert into ACTORS_FILMS (films_id, actor_id) VALUES (4,2)
insert into ACTORS_FILMS (films_id, actor_id) VALUES (5,9)
insert into ACTORS_FILMS (films_id, actor_id) VALUES (6,12)
insert into ACTORS_FILMS (films_id, actor_id) VALUES (7,11)
insert into ACTORS_FILMS (films_id, actor_id) VALUES (8,7)
insert into ACTORS_FILMS (films_id, actor_id) VALUES (8,8)
insert into ACTORS_FILMS (films_id, actor_id) VALUES (9,1)
insert into ACTORS_FILMS (films_id, actor_id) VALUES (9,6)

insert into FILMS_COUNTRIES (film_id, countries_id) VALUES (1, 2)
insert into FILMS_COUNTRIES (film_id, countries_id) VALUES (2, 2)
insert into FILMS_COUNTRIES (film_id, countries_id) VALUES (3, 2)
insert into FILMS_COUNTRIES (film_id, countries_id) VALUES (4, 2)
insert into FILMS_COUNTRIES (film_id, countries_id) VALUES (6, 2)
insert into FILMS_COUNTRIES (film_id, countries_id) VALUES (5, 2)
insert into FILMS_COUNTRIES (film_id, countries_id) VALUES (7, 2)
insert into FILMS_COUNTRIES (film_id, countries_id) VALUES (8, 2)
insert into FILMS_COUNTRIES (film_id, countries_id) VALUES (9, 2)

insert into Genres (id, name) VALUES (1, 'superhero')
insert into Genres (id, name) VALUES (2, 'adventure')
insert into Genres (id, name) VALUES (3, 'fantasy ')
insert into Genres (id, name) VALUES (4, 'crime')
insert into Genres (id, name) VALUES (5, 'action ')
insert into Genres (id, name) VALUES (6, 'thriller')
insert into Genres (id, name) VALUES (7, 'drama')
insert into Genres (id, name) VALUES (8, 'romance')

insert into FILMS_GENRES (film_id, genres_id) VALUES (1, 1)
insert into FILMS_GENRES (film_id, genres_id) VALUES (1, 2)
insert into FILMS_GENRES (film_id, genres_id) VALUES (2, 5)
insert into FILMS_GENRES (film_id, genres_id) VALUES (2, 6)
insert into FILMS_GENRES (film_id, genres_id) VALUES (3, 1)
insert into FILMS_GENRES (film_id, genres_id) VALUES (3, 2)
insert into FILMS_GENRES (film_id, genres_id) VALUES (4, 1)
insert into FILMS_GENRES (film_id, genres_id) VALUES (4, 2)
insert into FILMS_GENRES (film_id, genres_id) VALUES (5, 3)
insert into FILMS_GENRES (film_id, genres_id) VALUES (5, 4)
insert into FILMS_GENRES (film_id, genres_id) VALUES (6, 2)
insert into FILMS_GENRES (film_id, genres_id) VALUES (6, 5)
insert into FILMS_GENRES (film_id, genres_id) VALUES (6, 7)
insert into FILMS_GENRES (film_id, genres_id) VALUES (7, 7)
insert into FILMS_GENRES (film_id, genres_id) VALUES (7, 8)
insert into FILMS_GENRES (film_id, genres_id) VALUES (8, 1)
insert into FILMS_GENRES (film_id, genres_id) VALUES (8, 2)
insert into FILMS_GENRES (film_id, genres_id) VALUES (9, 1)

