insert into Personalities (personality_position, id, first_Name, last_Name, date_Of_Birthday, country_id, photo, biography) VALUES (2, 21,'F. Gary',  'Gray', '1969-06-17', 1,'F._Gary_Gray.jpg','Грей родился в Нью-Йорке, племянник актёра Фила Льюиса. Воспитывался в Южном Лос-Анджелесе и в Хайленд-Парке (Иллинойс). Грей снял более 30-ти музыкальных клипов для таких артистов как Ice Cube, Куин Латифа, TLC, Dr. Dre, Jay-Z и Мэри Джейн Блайдж, и получил несколько наград за эти работы. Он бросил колледж в северной Калифорнии, чтобы снимать фильмы.')
insert into Personalities (personality_position, id, first_Name, last_Name, date_Of_Birthday, country_id, photo, biography) VALUES (2, 22,'Christopher',  'Nolan ', '1970-07-30', 2,'Christopher_Nolan.jpg','Нолан родился в Лондоне. Отец, британец, Брендан Джеймс Нолан, был менеджером по рекламе, а мать, американка, Кристина (урождённая Дженсен), работала стюардессой и преподавательницей английского языка. Его детство прошло между Лондоном и Эванстоном в Иллинойсе. Нолан имеет британское и американское гражданства. У него есть старший брат, Мэтью Фрэнсис Нолан, осуждённый преступник и младший брат Джонатан. Он начал делать фильмы в возрасте 7 лет, позаимствовав у своего отца камеру Super 8 и снимая короткие фильмы с элементами экшена. В детстве Нолан был особенно подвержен влиянию «Космической одиссеи 2001 года» (1968) и «Звёздных войн» (1977), и в возрасте около восьми лет создал кукольную мультипликацию Space Wars (в честь этого фильма). Дядя, который работал в НАСА (он создавал ракетные системы для «Аполлон»), прислал ему несколько видеоматериалов со старта ракет: «Я снял их с экрана и отредактировал, думая, что никто их не заметит», — отмечал позже Нолан. С 11 лет он хотел стать режиссёром.')
insert into Personalities (personality_position, id, first_Name, last_Name, date_Of_Birthday, country_id) VALUES (2, 23,'Gordon', 'Din', '1986-02-01', 4)
insert into Personalities (personality_position, id, first_Name, last_Name, date_Of_Birthday, country_id) VALUES (2, 24,'John', 'Smight', '1991-10-21', 3)
insert into Personalities (personality_position, id, first_Name, last_Name, date_Of_Birthday, country_id, photo, biography) VALUES (2, 25,'Scott', 'Derrickson', '1966-07-16', 2,'Scott_Derrickson.jpg','Скотт Дерриксон родился и вырос в Денвере, окончил университет Байона со степенью бакалавра по литературе, философии, и в области коммуникаций, получил степень магистра в "USC School of Cinematic ArtsДебютом в качестве сценариста в большом кино для Дерриксона стал слэшер "Городские легенды 2: Последний отрезок", а в качестве постановщика  — пятая часть культовой франшизы, фильм ужасов «Hellraiser: Inferno».Самые известные и коммерчески успешные режиссерские работы Дерриксона: "Шесть демонов Эмили Роуз", "День, когда Земля остановилась", "Синистер"')
insert into Personalities (personality_position, id, first_Name, last_Name, date_Of_Birthday, country_id, photo, biography) VALUES (2, 26,'Taika', 'Waititi', '1975-08-16', 2,'Taika_Waititi.jpg','Тайка Дэвид Вайтити родился 16 августа 1975 года в Веллингтоне. Отец — маори, мать — еврейка. Вайтити окончил Университет королевы Виктории в Веллингтоне. Вместе с Джемейном Клементом образовал комедийный дуэт «The Humourbeasts». Дебютировал в кино в 1999 году. С 1999 по 2004 год снимался под псевдонимом Тайка Коэн (девичья фамилия матери). Получил известность благодаря снятой короткометражке «Две машины, одна ночь», а также ролям в фильмах «Орёл против Акулы», «Мальчик», «Зелёный фонарь» и «Реальные упыри». В 2017 году вышел фильм Вайтити «Тор: Рагнарёк».')
insert into Personalities (personality_position, id, first_Name, last_Name, date_Of_Birthday, country_id, photo, biography) VALUES (2, 27,'Anthony', 'Russo', '1970-02-03', 2,'Anthony_Russo.jpg','Энтони Руссо родился 3 февраля 1970 года в Кливленде, штат Огайо, США, как Энтони Дж. Руссо. Он является продюсером и режиссером, известным по фильмам «Мстители: Бесконечная война» (2018 г.), « Капитан Америка: Le soldat de lhiver» (2014 г.) и « Капитан Америка: гражданская война» (2016 г.).')
insert into Personalities (personality_position, id, first_Name, last_Name, date_Of_Birthday, country_id, photo, biography) VALUES (2, 28,'Joseph', 'Russo', '1971-07-08', 2,'Joseph_Russo.jpg','Американский режиссер кино и телевидения, лауреат «Эмми», сценарист, монтажер, продюсер, актер Джо Руссо родился 8 июля 1971 года в Кливленде, штат Огайо, США. Мать – Патрисия Руссо – адвокат. Отец – Бэзил Руссо – судья. Старший брат – Энтони Руссо. Братья Руссо вместе снимают почти все свои фильмы. Младшая сестра – Анджела Руссо-Остот – сценарист и продюсер сериалов, работает на телевидении. Джо вырос в Кливленде, учился в Бенедиктинской средней школе. В отличие от старшего брата, закончил университет Айовы, где был успешен в английском и письме. Затем поступил в университет Кейс Вестерн.')
insert into Personalities (personality_position, id, first_Name, last_Name, date_Of_Birthday, country_id, photo, biography) VALUES (2, 29,'Zack', 'Snyder', '1966-03-01', 2,'Zack_Snyder.jpg','Зак Снайдер родился 1 марта 1966 года в Грин-Бей, штат Висконсин, вырос в Гринвич, штат Коннектикут. Учился в школе Дэйкрофт, где преподавала его мать — учитель живописи и фотографии. Благодаря матери, которая вдохновила его изучать живопись, Снайдер получил художественное образование в Лондоне и Пасадине. Снайдер до сих пор живёт в Пасадине со своей второй женой продюсером Деборой Снайдер, у них 6 детей. С юных лет Зак Снайдер испытывал страсть к фантастическим фильмам и рассказам. Особое влияние на становление его вкусов и пристрастий в области кино оказала сага Джорджа Лукаса «Звёздные войны». Видя страстное увлечение сына кинематографом, родители решили ему подарить видеокамеру. Это была обычная восьмимиллиметровая «игрушка», именно с ней Зак начал делать свои первые шаги в режиссуре.')
insert into Personalities (personality_position, id, first_Name, last_Name, date_Of_Birthday, country_id, photo, biography) VALUES (2, 30,'Frank', 'Darabont', '1959-01-28', 2,'Frank_Darabont.jpg','Американский кинорежиссёр, сценарист и продюсер венгерского происхождения. Был трижды номинирован на «Оскар». Известен своими удачными экранизациями романов Стивена Кинга: «Побег из Шоушенка», «Зелёная миля», «Мгла» и другие.')
insert into Personalities (personality_position, id, first_Name, last_Name, date_Of_Birthday, country_id, photo, biography) VALUES (2, 31,'Scott', 'Speer', '1982-06-02', 2,'Scott_Speer.jpg','Шпеер родился в Сан-Диего , штат Калифорния . В 23 года он был подписан на HSI Productions , а в 2006 году Шпир получил награду MVPA за режиссерский дебют года за музыкальное видео « Звезды » от Switchfoot .')
insert into Personalities (personality_position, id, first_Name, last_Name, date_Of_Birthday, country_id, photo, biography) VALUES (2, 32,'James', 'Cameron', '1954-08-16', 1,'James_Cameron.jpg','Канадский кинорежиссёр, сценарист, продюсер, монтажёр, океанограф.')
insert into Personalities (personality_position, id, first_Name, last_Name, date_Of_Birthday, country_id, photo, biography) VALUES (2, 33,' Jon', 'Turteltaub', '1963-08-06', 1,'Jon_Turteltaub.jpg','американский кинорежиссёр и продюсер.')
insert into Personalities (personality_position, id, first_Name, last_Name, date_Of_Birthday, country_id, photo, biography) VALUES (2, 34,'Dominic', 'Sena', '1949-04-26', 1,'Dominic_Sena.jpg','Американский кинорежиссёр и клипмейкер. Основатель компании Propaganda Films.')
insert into Personalities (personality_position, id, first_Name, last_Name, date_Of_Birthday, country_id, photo, biography) VALUES (2, 35,'Guy', 'Ritchie', '1968-09-10', 1,'Guy_Ritchie.jpg','британский кинорежиссёр, сценарист, продюсер. Наиболее известные фильмы — «Карты, деньги, два ствола», «Большой Куш», «Револьвер», «Рок-н-рольщик», «Агенты А.Н.К.Л.», «Меч короля Артура» и дилогия «Шерлок Холмс».')

insert into films(id, title, image_Small_Path, release_Date, views, rating, film_Length, description) VALUES (1, 'Men in Black: International', 'MIB.jpg', '2018-06-12', 0, 5.45, 120, 'Люди в черном, тайная организация на страже покоя и безопасности Земли, уже не раз защищали нас от нападения отбросов Вселенной. На этот раз самая большая опасность для мирового сообщества, которой агентам предстоит противостоять — шпион в их рядах.')
insert into films(id, title, image_Small_Path, release_Date, views, rating, film_Length, description) VALUES (2, 'Inception', 'inception.jpg', '2018-06-12', 0, 5.45, 120, 'Кобб — талантливый вор, лучший из лучших в опасном искусстве извлечения: он крадет ценные секреты из глубин подсознания во время сна, когда человеческий разум наиболее уязвим. Редкие способности Кобба сделали его ценным игроком в привычном к предательству мире промышленного шпионажа, но они же превратили его в извечного беглеца и лишили всего, что он когда-либо любил.')
insert into films(id, title, image_Small_Path, release_Date, views, rating, film_Length, description) VALUES (3, 'Thor 3: Ragnarok', 'thor_3.jpg', '2018-06-12', 0, 5.45, 120, 'Вернувшись в Асгард в поисках таинственного врага, ведущего охоту на Камни Бесконечности, Тор обнаруживает, что действия его брата Локи, захватившего трон Асгарда, привели к приближению наиболее страшного события — Рагнарёка. По легенде, это ознаменует последнюю битву Асгарда, последствием которой станет его полное уничтожение. ')
insert into films(id, title, image_Small_Path, release_Date, views, rating, film_Length, description) VALUES (4, 'Avengers', 'avengers_3.jpg', '2018-06-12', 0, 5.45, 120, 'Оставшиеся в живых члены команды Мстителей и их союзники должны разработать новый план, который поможет противостоять разрушительным действиям могущественного титана Таноса. После наиболее масштабной и трагической битвы в истории они не могут допустить ошибку.')
insert into films(id, title, image_Small_Path, release_Date, views, rating, film_Length, description) VALUES (5, 'Green Mile', 'green_mile.jpg', '2018-06-12', 0, 5.45, 120, 'Обвиненный в страшном преступлении, Джон Коффи оказывается в блоке смертников тюрьмы «Холодная гора». Вновь прибывший обладал поразительным ростом и был пугающе спокоен, что, впрочем, никак не влияло на отношение к нему начальника блока Пола Эджкомба, привыкшего исполнять приговор.')
insert into films(id, title, image_Small_Path, release_Date, views, rating, film_Length, description) VALUES (6, 'Interstellar', 'Interstellar.jpg', '2018-06-12', 0, 5.45, 120, 'Наше время на Земле подошло к концу, команда исследователей берет на себя самую важную миссию в истории человечества; путешествуя за пределами нашей галактики, чтобы узнать есть ли у человечества будущее среди звезд.')
insert into films(id, title, image_Small_Path, release_Date, views, rating, film_Length, description) VALUES (7, 'Midnight sun', 'midnight_sun.jpg', '2018-06-12', 0, 5.45, 120, 'Ночами 17-летняя Кэти сочиняет свои красивые песни под гитару, а днем вынуждена скрываться во мраке: её нежная кожа не выносит солнечного света. Но однажды в полночь она знакомится с Чарли, веселым парнем с копной рыжих, как солнце, волос и очаровательной улыбкой. ')
insert into films(id, title, image_Small_Path, release_Date, views, rating, film_Length, description) VALUES (8, 'Man of steel', 'Man_of_Steel.jpg', '2018-06-12', 0, 5.45, 120, 'Кларк Кент/Кал-Эл — молодой журналист, который чувствует себя чужаком из-за своей невероятной силы. Много лет назад он был отправлен на Землю с развитой планеты Криптон, и теперь задается вопросом: зачем?')
insert into films(id, title, image_Small_Path, release_Date, views, rating, film_Length, description) VALUES (9, 'Doctor Strange', 'Doctor_Strange_poster.jpg', '2018-06-12', 0, 5.45, 120, 'Страшная автокатастрофа поставила крест на карьере успешного нейрохирурга Доктора Стрэнджа. Отчаявшись, он отправляется в путешествие в поисках исцеления и открывает в себе невероятные способности к трансформации пространства и времени.')
insert into films(id, title, image_Small_Path, release_Date, views, rating, film_Length, description) VALUES (10, 'The Terminator', 'terminator-1984.jpg', '1984-10-26', 0, 5.45, 107,  'История противостояния солдата Кайла Риза и киборга-терминатора, прибывших в 1984-й год из пост-апокалиптического будущего, где миром правят машины-убийцы, а человечество находится на грани вымирания. Цель киборга: убить девушку по имени Сара Коннор, чей ещё нерождённый сын к 2029 году выиграет войну')
insert into films(id, title, image_Small_Path, release_Date, views, rating, film_Length, description) VALUES (11, 'Terminator 2: Judgment Day', 'terminator-2-sudnyy-den-1991.jpg', '1991-07-01', 0, 5.45, 153, 'Прошло более десяти лет с тех пор, как киборг-терминатор из 2029 года пытался уничтожить Сару Коннор — женщину, чей будущий сын выиграет войну человечества против машин.')
insert into films(id, title, image_Small_Path, release_Date, views, rating, film_Length, description) VALUES (12, 'Aliens', 'chuzhie-1986.jpg', '1986-07-18', 0, 5.45, 154, ' научно-фантастический фильм ужасов[2] режиссёра Ридли Скотта. Название отсылает к главному антагонисту фильма — Чужому, чрезвычайно агрессивному инопланетному существу, которое выслеживает и убивает экипаж космического корабля. Премьера фильма в США состоялась 25 мая 1979 года')
insert into films(id, title, image_Small_Path, release_Date, views, rating, film_Length, description) VALUES (13, 'Titanic', 'titanik-1998.jpg', '1998-02-20', 0, 5.45, 194,'американский фильм-катастрофа 1997 года, снятый режиссёром Джеймсом Кэмероном, в котором показана гибель легендарного лайнера «Титаник». Герои фильма, будучи членами различных социальных слоёв, влюбились друг в друга на борту лайнера, совершавшего свой первый и последний рейс через Атлантический океан в 1912 году.')
insert into films(id, title, image_Small_Path, release_Date, views, rating, film_Length, description) VALUES (14, 'Avatar', 'avatar-2009.jpg', '2009-12-17', 0, 5.45, 178, 'Джейк Салли — бывший морской пехотинец, прикованный к инвалидному креслу. Несмотря на немощное тело, Джейк в душе по-прежнему остается воином. Он получает задание совершить путешествие в несколько световых лет к базе землян на планете Пандора, где корпорации добывают редкий минерал, имеющий огромное значение для выхода Земли из энергетического кризиса.')
insert into films(id, title, image_Small_Path, release_Date, views, rating, film_Length, description) VALUES (15, 'National Treasure', 'sokrovische-nacii-2004.jpg', '2004-12-30', 0, 5.45, 131, ' американский приключенческий фильм 2004 года режиссёра Джона Тартелтауба, компании Walt Disney Pictures. Действие фильма происходит в США, где в поисках затерянного сокровища главные герои похищают Декларацию независимости США, обнаруживают ключи и подсказки, ведущие их по пути тамплиеров и масонов.')
insert into films(id, title, image_Small_Path, release_Date, views, rating, film_Length, description) VALUES (16, 'National Treasure: Book of Secrets', 'sokrovische-nacii-kniga-tayn-2007.jpg', '2007-12-27', 0, 5.45, 124, '«Сокро́вище на́ции: Кни́га тайн» — американский приключенческий фильм 2007 года компании Walt Disney Pictures. Является продолжением фильма «Сокровище нации», вышедшего в 2004 году. Мировая премьера состоялась 21 декабря 2007')
insert into films(id, title, image_Small_Path, release_Date, views, rating, film_Length, description) VALUES (17, 'The Sorcerers Apprentice', 'uchenik-charodeya.jpg', '2007-07-15', 0, 5.45, 109,'«Учени́к чароде́я» — фэнтезийный приключенческий фильм 2010 года, спродюсированный Джерри Брукхаймером, режиссёра Джона Тёртелтауба с Николасом Кейджем в главной роли. Дистрибьютором фильма является Walt Disney Pictures.')
insert into films(id, title, image_Small_Path, release_Date, views, rating, film_Length, description) VALUES (18, 'The MEG', 'meg-monstr-glubiny.jpg', '2018-08-09', 0, 5.45, 113, 'Профессор палеонтологии Джонас Тэйлор, в прошлом пилот глубоководных аппаратов, уже много лет пишет о мегалодоне и читает лекции, стараясь забыть незабываемое — трагически окончившуюся экспедицию, которая убедила его в том, что первобытное чудовище существует и в наши дни. ')
insert into films(id, title, image_Small_Path, release_Date, views, rating, film_Length, description) VALUES (19, 'Gone in Sixty Seconds', 'ugnat-za-60-sekund-2000.jpg', '2000-05-15', 0, 5.45, 115,'Что можно успеть за 60 секунд? Выкурить сигарету или выпить чашку кофе. Но только один профессионал в мире, легендарный вор по кличке Мемфис, может за считанные секунды угнать любой автомобиль.')
insert into films(id, title, image_Small_Path, release_Date, views, rating, film_Length, description) VALUES (20, 'Lock, Stock and Two Smoking Barrels', 'karty-dengi-dva-stvola-1998.jpg', '1998-07-27', 0, 5.45, 107,'Четверо молодых парней накопили каждый по 25 тысяч фунтов, чтобы один из них мог сыграть в карты с опытным шулером и матерым преступником, известным по кличке Гарри-Топор. Парень в итоге проиграл 500 тысяч, на уплату долга ему дали неделю.')

insert into Personalities (personality_position, id, first_Name, last_Name, date_Of_Birthday, country_id, photo, biography) VALUES(1, 1, 'Chris', 'Hemsworth', '1983-08-11', 2, 'prat.jpg', 'Крис Хемсворт родился в 1983 году в Мельбурне. Его братья, Люк и Лиам, тоже актёры. Когда Хемсворту было 14 лет, он и его семья переехали на маленький остров Филипп. В марте 2009 года Хемсворт переехал в Соединенные Штаты, чтобы продолжить свою карьеру там. Он и его брат Лиам остались в гостевом доме агента Криса Уильяма Ворда, прежде чем арендовать свою собственную квартиру в Лос-Анджелесе, где они проживают в настоящее время.')
insert into Personalities (personality_position, id, first_Name, last_Name, date_Of_Birthday, country_id, photo, biography) VALUES(1, 2, 'Scarlett', 'Johansson', '1984-11-22', 2,'Scarlett_Johansson.jpg','Американская актриса кино и телевидения, певица. Наибольшую известность ей принесло сотрудничество с Вуди Алленом и Софией Копполой, а также роль Чёрной вдовы в серии фильмов кинематографической вселенной Marvel.')
insert into Personalities (personality_position, id, first_Name, last_Name, date_Of_Birthday, country_id, photo, biography) VALUES(1, 3, 'Chris', 'Evans', '1981-07-13', 2,'Chris_Evan.jpg','Американский актёр. Мировую известность ему принесла роль Капитана Америки в кинематографической вселенной Marvel. Эванс также исполнил роль Человека-факела в фильме «Фантастическая четвёрка» и его сиквеле 2007 года.')
insert into Personalities (personality_position, id, first_Name, last_Name, date_Of_Birthday, country_id, photo, biography) VALUES(1, 4, 'Leonardo', 'DiCaprio', '1974-11-11', 2,'Leonardo_DiCaprio.jpg','Американский актёр и продюсер. Четыре раза был номинирован на премию «Оскар» за лучшую мужскую роль в фильмах «Авиатор», «Кровавый алмаз», «Волк с Уолл-стрит» и «Выживший», а также за лучшую мужскую роль второго плана в фильме «Что гложет Гилберта Грэйпа».')
insert into Personalities (personality_position, id, first_Name, last_Name, date_Of_Birthday, country_id, photo, biography) VALUES(1, 5, 'Tessa', 'Thompson', '1983-10-03', 2,'Tessa_Thompson.jpg','Американская актриса. Её прорывом стала роль в независимом фильме «Миссисипи проклятых». Наибольшую известность ей принесли роли в фильмах «Песни о любви», «Уважаемые белые люди», «Сельма», «Крид: Наследие Рокки» и его сиквеле «Крид 2», «Тор: Рагнарёк» и «Аннигиляция».')
insert into Personalities (personality_position, id, first_Name, last_Name, date_Of_Birthday, country_id, photo, biography) VALUES(1, 6, 'Benedict', 'Cumberbatch', '1976-07-19 ', 2,'Benedict_Cumberbatch.jpg','Британский актёр театра, кино и телевидения. Лауреат премии Лоренса Оливье и «Эмми», двукратный номинант на премию «Золотой глобус», номинант на премию «Оскар». Командор Ордена Британской империи.')
insert into Personalities (personality_position, id, first_Name, last_Name, date_Of_Birthday, country_id, photo, biography) VALUES(1, 7, 'Henry', 'Cavill', '1983-05-05 ', 2,'Henry_Cavill.jpg','Английский актёр. Известен по ролям в фильмах «Война богов: Бессмертные», «Средь бела дня», «Человек из стали», «Агенты А.Н.К.Л.», «Лига справедливости» и в сериале «Тюдоры». ')
insert into Personalities (personality_position, id, first_Name, last_Name, date_Of_Birthday, country_id, photo, biography) VALUES(1, 8, 'Amy', 'Adams', '1974-08-20 ', 2,'Amy_Adams.jpg','Американская актриса и певица, шестикратная номинантка на премию «Оскар». Обладательница двух премий «Золотой глобус» за главную роль в трагикомедии «Афера по-американски» и за главную роль в драме «Большие глаза».')
insert into Personalities (personality_position, id, first_Name, last_Name, date_Of_Birthday, country_id, photo, biography) VALUES(1, 9, 'Tom', 'Hanks', '1956-07-09 ', 2,'Tom_Hanks.jpg','Хэнкс начинал свою актёрскую карьеру с ролей на телевидении и комедийных фильмов, прежде чем добился признания в качестве драматического актёра, и получил две премии «Оскар» в категории «Лучшая мужская роль» — за главные роли в фильмах «Филадельфия» (1993) и «Форрест Гамп» (1994), тем самым став одним из двух актёров в истории кинематографа (помимо Спенсера Трейси), выигравших данную награду два раза подряд.')
insert into Personalities (personality_position, id, first_Name, last_Name, date_Of_Birthday, country_id, photo, biography) VALUES(1, 10, 'Joseph', 'Gordon-Levitt', '1981-02-17 ', 2,'Joseph_Gordon-Levitt.jpg','Джозеф Гордон-Левитт родился 17 февраля 1981 года в Лос-Анджелесе (Калифорния, США) в еврейской семье, в которой не придерживались строгих религиозных традиций. Его отец, Деннис Левитт, работал на радиостанции Pacifica Radio, а мать, Джейн Гордон, была редактором программы телепередач на той же самой радиостанции. У Джо был старший брат Дэниэл, который скончался в 2010 году.')
insert into Personalities (personality_position, id, first_Name, last_Name, date_Of_Birthday, country_id, photo, biography) VALUES(1, 11, 'Bella', 'Thorne', '1997-10-8 ', 2,'Bella_Thorne.jpg','Белла Торн родилась 8 октября 1997 года во Флориде. Она младший ребёнок в семье Рея и Тамары Торнов. У неё две старшие сестры — Дани и Кайли — и старший брат Реми, которые также являются актёрами. Будучи шестинедельной малышкой, Белла снялась для каталога «Parents Magazine», с чего и началась её карьера модели. Спустя несколько лет Белла начала сниматься в фильмах и сериалах.')
insert into Personalities (personality_position, id, first_Name, last_Name, date_Of_Birthday, country_id, photo, biography) VALUES(1, 12, 'Matthew', 'McConaughey', '1969-11-04', 2,'Matthew_McConaughey.jpg','Американский актёр, кинорежиссёр, сценарист и продюсер. Поначалу, зарекомендовав себя как актёра в основном комедийного амплуа, во втором десятилетии XXI века Макконахи перешёл к крупным драматическим ролям, удостоившись ряда наград и положительных отзывов от кинопрессы за картины «Линкольн для адвоката», «Мад», «Киллер Джо», «Супер Майк», «Интерстеллар».')
insert into Personalities (personality_position, id, first_Name, last_Name, date_Of_Birthday, country_id, photo, biography) VALUES(1, 13, 'Arnold', 'Schwarzenegger', '1947-07-30', 1,'Arnold_Schwarzenegger.jpg','Американский культурист, предприниматель и актёр австрийского происхождения, политик-республиканец, 38-й губернатор Калифорнии.')
insert into Personalities (personality_position, id, first_Name, last_Name, date_Of_Birthday, country_id, photo, biography) VALUES(1, 14, 'Nicolas', 'Cage', '1964-01-07', 1,'Nicolas_Cage.jpg','Профессионально известный как Ни́колас Кейдж (англ. Nicolas Cage), — американский актёр, режиссёр и продюсер. Лауреат премий «Оскар» и «Золотой глобус».')
insert into Personalities (personality_position, id, first_Name, last_Name, date_Of_Birthday, country_id, photo, biography) VALUES(1, 15, 'Sigourney', 'Weaver', '1949-10-08', 1,'Sigourney_Weaver.jpg','Американская актриса и продюсер. Приобрела широкую известность после исполнения роли Эллен Рипли, в фильмах «Чужой» (1979), «Чужие» (1986), «Чужой 3» (1992) и «Чужой: Воскрешение» (1997).')
insert into Personalities (personality_position, id, first_Name, last_Name, date_Of_Birthday, country_id, photo, biography) VALUES(1, 16, 'Sam', 'Worthington', '1976-08-02', 5,'Sam_Worthington.jpg','Австралийский актёр родом из Англии. Всемирную известность приобрёл благодаря главным ролям в фильмах «Аватар», «Битва Титанов» и его продолжения «Гнев титанов», «Терминатор: Да придёт спаситель», «Прошлой ночью в Нью-Йорке», «На грани» и «По соображениям совести».')
insert into Personalities (personality_position, id, first_Name, last_Name, date_Of_Birthday, country_id, photo, biography) VALUES(1, 17, 'Jason', 'Statham', '1967-07-26', 1,'Jason_Statham.jpg','английский актёр, известный по фильмам режиссёра Гая Ричи «Карты, деньги, два ствола», «Большой куш» и «Револьвер», а также дилогии «Адреналин» и сериям фильмов «Перевозчик» (англ.)русск., «Неудержимые» и «Форсаж»')
insert into Personalities (personality_position, id, first_Name, last_Name, date_Of_Birthday, country_id, photo, biography) VALUES(1, 18, 'Angelina', 'Jolie', '1975-06-04', 1,'Angelina_Jolie.jpg','американская актриса, кинорежиссёр и сценаристка, фотомодель, посол доброй воли ООН.')

insert into personalities_positions (personality_id, position) VALUES (1, 'Actor')
insert into personalities_positions (personality_id, position) VALUES (2, 'Actor')
insert into personalities_positions (personality_id, position) VALUES (3, 'Actor')
insert into personalities_positions (personality_id, position) VALUES (4, 'Actor')
insert into personalities_positions (personality_id, position) VALUES (5, 'Actor')
insert into personalities_positions (personality_id, position) VALUES (6, 'Actor')
insert into personalities_positions (personality_id, position) VALUES (7, 'Actor')
insert into personalities_positions (personality_id, position) VALUES (8, 'Actor')
insert into personalities_positions (personality_id, position) VALUES (9, 'Actor')
insert into personalities_positions (personality_id, position) VALUES (10, 'Actor')
insert into personalities_positions (personality_id, position) VALUES (11, 'Actor')
insert into personalities_positions (personality_id, position) VALUES (12, 'Actor')
insert into personalities_positions (personality_id, position) VALUES (13, 'Actor')
insert into personalities_positions (personality_id, position) VALUES (14, 'Actor')
insert into personalities_positions (personality_id, position) VALUES (15, 'Actor')
insert into personalities_positions (personality_id, position) VALUES (16, 'Actor')
insert into personalities_positions (personality_id, position) VALUES (17, 'Actor')
insert into personalities_positions (personality_id, position) VALUES (18, 'Actor')

insert into personalities_positions (personality_id, position) VALUES (21, 'Director')
insert into personalities_positions (personality_id, position) VALUES (22, 'Director')
insert into personalities_positions (personality_id, position) VALUES (23, 'Director')
insert into personalities_positions (personality_id, position) VALUES (24, 'Director')
insert into personalities_positions (personality_id, position) VALUES (25, 'Director')
insert into personalities_positions (personality_id, position) VALUES (26, 'Director')
insert into personalities_positions (personality_id, position) VALUES (27, 'Director')
insert into personalities_positions (personality_id, position) VALUES (28, 'Director')
insert into personalities_positions (personality_id, position) VALUES (29, 'Director')
insert into personalities_positions (personality_id, position) VALUES (30, 'Director')
insert into personalities_positions (personality_id, position) VALUES (31, 'Director')
insert into personalities_positions (personality_id, position) VALUES (32, 'Director')
insert into personalities_positions (personality_id, position) VALUES (33, 'Director')
insert into personalities_positions (personality_id, position) VALUES (34, 'Director')
insert into personalities_positions (personality_id, position) VALUES (35, 'Director')

insert into DIRECTORS_FILMS  (films_id, director_id) VALUES (1,21)
insert into DIRECTORS_FILMS  (films_id, director_id) VALUES (2,22)
insert into DIRECTORS_FILMS  (films_id, director_id) VALUES (3,26)
insert into DIRECTORS_FILMS  (films_id, director_id) VALUES (4,27)
insert into DIRECTORS_FILMS  (films_id, director_id) VALUES (4,28)
insert into DIRECTORS_FILMS  (films_id, director_id) VALUES (5,30)
insert into DIRECTORS_FILMS  (films_id, director_id) VALUES (6,22)
insert into DIRECTORS_FILMS  (films_id, director_id) VALUES (7,31)
insert into DIRECTORS_FILMS  (films_id, director_id) VALUES (8,29)
insert into DIRECTORS_FILMS  (films_id, director_id) VALUES (9,25)
insert into DIRECTORS_FILMS  (films_id, director_id) VALUES (10,32)
insert into DIRECTORS_FILMS  (films_id, director_id) VALUES (11,32)
insert into DIRECTORS_FILMS  (films_id, director_id) VALUES (12,32)
insert into DIRECTORS_FILMS  (films_id, director_id) VALUES (13,32)
insert into DIRECTORS_FILMS  (films_id, director_id) VALUES (14,32)
insert into DIRECTORS_FILMS  (films_id, director_id) VALUES (15,33)
insert into DIRECTORS_FILMS  (films_id, director_id) VALUES (16,33)
insert into DIRECTORS_FILMS  (films_id, director_id) VALUES (17,33)
insert into DIRECTORS_FILMS  (films_id, director_id) VALUES (18,33)
insert into DIRECTORS_FILMS  (films_id, director_id) VALUES (19,34)
insert into DIRECTORS_FILMS  (films_id, director_id) VALUES (20,35)

insert into ACTORS_FILMS (films_id, actor_id) VALUES (1,1)
insert into ACTORS_FILMS (films_id, actor_id) VALUES (1,10)
insert into ACTORS_FILMS (films_id, actor_id) VALUES (1,7)
insert into ACTORS_FILMS (films_id, actor_id) VALUES (1,6)
insert into ACTORS_FILMS (films_id, actor_id) VALUES (1,5)
insert into ACTORS_FILMS (films_id, actor_id) VALUES (2,4)
insert into ACTORS_FILMS (films_id, actor_id) VALUES (2,10)
insert into ACTORS_FILMS (films_id, actor_id) VALUES (3,1)
insert into ACTORS_FILMS (films_id, actor_id) VALUES (3,5)
insert into ACTORS_FILMS (films_id, actor_id) VALUES (4,3)
insert into ACTORS_FILMS (films_id, actor_id) VALUES (4,2)
insert into ACTORS_FILMS (films_id, actor_id) VALUES (5,9)
insert into ACTORS_FILMS (films_id, actor_id) VALUES (6,12)
insert into ACTORS_FILMS (films_id, actor_id) VALUES (7,11)
insert into ACTORS_FILMS (films_id, actor_id) VALUES (8,7)
insert into ACTORS_FILMS (films_id, actor_id) VALUES (8,8)
insert into ACTORS_FILMS (films_id, actor_id) VALUES (9,1)
insert into ACTORS_FILMS (films_id, actor_id) VALUES (9,6)
insert into ACTORS_FILMS (films_id, actor_id) VALUES (10,13)
insert into ACTORS_FILMS (films_id, actor_id) VALUES (11,13)
insert into ACTORS_FILMS (films_id, actor_id) VALUES (12,15)
insert into ACTORS_FILMS (films_id, actor_id) VALUES (13,4)
insert into ACTORS_FILMS (films_id, actor_id) VALUES (14,15)
insert into ACTORS_FILMS (films_id, actor_id) VALUES (14,16)
insert into ACTORS_FILMS (films_id, actor_id) VALUES (15,14)
insert into ACTORS_FILMS (films_id, actor_id) VALUES (16,14)
insert into ACTORS_FILMS (films_id, actor_id) VALUES (17,14)
insert into ACTORS_FILMS (films_id, actor_id) VALUES (18,17)
insert into ACTORS_FILMS (films_id, actor_id) VALUES (19,14)
insert into ACTORS_FILMS (films_id, actor_id) VALUES (19,18)
insert into ACTORS_FILMS (films_id, actor_id) VALUES (20,17)

insert into FILMS_COUNTRIES (film_id, countries_id) VALUES (1, 2)
insert into FILMS_COUNTRIES (film_id, countries_id) VALUES (2, 2)
insert into FILMS_COUNTRIES (film_id, countries_id) VALUES (3, 2)
insert into FILMS_COUNTRIES (film_id, countries_id) VALUES (4, 2)
insert into FILMS_COUNTRIES (film_id, countries_id) VALUES (6, 2)
insert into FILMS_COUNTRIES (film_id, countries_id) VALUES (5, 2)
insert into FILMS_COUNTRIES (film_id, countries_id) VALUES (7, 2)
insert into FILMS_COUNTRIES (film_id, countries_id) VALUES (8, 2)
insert into FILMS_COUNTRIES (film_id, countries_id) VALUES (9, 2)
insert into FILMS_COUNTRIES (film_id, countries_id) VALUES (10, 1)
insert into FILMS_COUNTRIES (film_id, countries_id) VALUES (11, 1)
insert into FILMS_COUNTRIES (film_id, countries_id) VALUES (12, 1)
insert into FILMS_COUNTRIES (film_id, countries_id) VALUES (13, 1)
insert into FILMS_COUNTRIES (film_id, countries_id) VALUES (14, 1)
insert into FILMS_COUNTRIES (film_id, countries_id) VALUES (15, 1)
insert into FILMS_COUNTRIES (film_id, countries_id) VALUES (16, 1)
insert into FILMS_COUNTRIES (film_id, countries_id) VALUES (17, 1)
insert into FILMS_COUNTRIES (film_id, countries_id) VALUES (18, 1)
insert into FILMS_COUNTRIES (film_id, countries_id) VALUES (19, 1)
insert into FILMS_COUNTRIES (film_id, countries_id) VALUES (20, 1)

insert into Genres (id, name) VALUES (1, 'superhero')
insert into Genres (id, name) VALUES (2, 'adventure')
insert into Genres (id, name) VALUES (3, 'fantasy ')
insert into Genres (id, name) VALUES (4, 'crime')
insert into Genres (id, name) VALUES (5, 'action ')
insert into Genres (id, name) VALUES (6, 'thriller')
insert into Genres (id, name) VALUES (7, 'drama')
insert into Genres (id, name) VALUES (8, 'romance')

insert into FILMS_GENRES (film_id, genres_id) VALUES (1, 1)
insert into FILMS_GENRES (film_id, genres_id) VALUES (1, 2)
insert into FILMS_GENRES (film_id, genres_id) VALUES (2, 5)
insert into FILMS_GENRES (film_id, genres_id) VALUES (2, 6)
insert into FILMS_GENRES (film_id, genres_id) VALUES (3, 1)
insert into FILMS_GENRES (film_id, genres_id) VALUES (3, 2)
insert into FILMS_GENRES (film_id, genres_id) VALUES (4, 1)
insert into FILMS_GENRES (film_id, genres_id) VALUES (4, 2)
insert into FILMS_GENRES (film_id, genres_id) VALUES (5, 3)
insert into FILMS_GENRES (film_id, genres_id) VALUES (5, 4)
insert into FILMS_GENRES (film_id, genres_id) VALUES (6, 2)
insert into FILMS_GENRES (film_id, genres_id) VALUES (6, 5)
insert into FILMS_GENRES (film_id, genres_id) VALUES (6, 7)
insert into FILMS_GENRES (film_id, genres_id) VALUES (7, 7)
insert into FILMS_GENRES (film_id, genres_id) VALUES (7, 8)
insert into FILMS_GENRES (film_id, genres_id) VALUES (8, 1)
insert into FILMS_GENRES (film_id, genres_id) VALUES (8, 2)
insert into FILMS_GENRES (film_id, genres_id) VALUES (9, 1)
insert into FILMS_GENRES (film_id, genres_id) VALUES (10, 3)
insert into FILMS_GENRES (film_id, genres_id) VALUES (11, 3)
insert into FILMS_GENRES (film_id, genres_id) VALUES (12, 3)
insert into FILMS_GENRES (film_id, genres_id) VALUES (13, 8)
insert into FILMS_GENRES (film_id, genres_id) VALUES (14, 3)
insert into FILMS_GENRES (film_id, genres_id) VALUES (15, 3)
insert into FILMS_GENRES (film_id, genres_id) VALUES (16, 2)
insert into FILMS_GENRES (film_id, genres_id) VALUES (17, 2)
insert into FILMS_GENRES (film_id, genres_id) VALUES (17, 3)
insert into FILMS_GENRES (film_id, genres_id) VALUES (18, 5)
insert into FILMS_GENRES (film_id, genres_id) VALUES (18, 6)
insert into FILMS_GENRES (film_id, genres_id) VALUES (19, 4)
insert into FILMS_GENRES (film_id, genres_id) VALUES (19, 5)
insert into FILMS_GENRES (film_id, genres_id) VALUES (20, 4)
insert into FILMS_GENRES (film_id, genres_id) VALUES (20, 5)